{
    "1": {
        "acc": {
            "KlCluster": 0.8359903909150469,
            "gmm": 0.7018999781611706,
            "aca": 0.815243502948242,
            "haca": 0.8689670233675475
        },
        "macroPrec": {
            "KlCluster": 0.844329885972207,
            "gmm": 0.44535381020297155,
            "aca": 0.6470103956155597,
            "haca": 0.7083952975398464
        },
        "macroRec": {
            "KlCluster": 0.8321538510990777,
            "gmm": 0.6,
            "aca": 0.7644423015107682,
            "haca": 0.8
        }
    },
    "2": {
        "acc": {
            "KlCluster": 0.8880097956108128,
            "gmm": 0.8254685881134031,
            "aca": 0.7959875671093529,
            "haca": 0.8110577375906565
        },
        "macroPrec": {
            "KlCluster": 0.7838790974020466,
            "gmm": 0.6955715873695633,
            "aca": 0.6681112404793853,
            "haca": 0.6812959896738074
        },
        "macroRec": {
            "KlCluster": 0.8094638540398702,
            "gmm": 0.748763203682772,
            "aca": 0.7116328502415459,
            "haca": 0.7257314009661835
        }
    },
    "3": {
        "acc": {
            "KlCluster": 0.8860849898821569,
            "gmm": 0.6523032972265207,
            "aca": 0.8394238781097488,
            "haca": 0.8521604570884419
        },
        "macroPrec": {
            "KlCluster": 0.8969512826442653,
            "gmm": 0.40362218758700635,
            "aca": 0.6842746306014246,
            "haca": 0.7072339340803421
        },
        "macroRec": {
            "KlCluster": 0.883663929584424,
            "gmm": 0.5490731998018699,
            "aca": 0.8687996820349762,
            "haca": 0.8730524642289348
        }
    },
    "4": {
        "acc": {
            "KlCluster": 0.8024409605080373,
            "gmm": 0.48581067672157174,
            "aca": 0.7039095058543362,
            "haca": 0.712939075213336
        },
        "macroPrec": {
            "KlCluster": 0.7257778033847377,
            "gmm": 0.5250313638734895,
            "aca": 0.651578944303813,
            "haca": 0.6684388237316975
        },
        "macroRec": {
            "KlCluster": 0.7478460013365457,
            "gmm": 0.45339596100094104,
            "aca": 0.810448702630091,
            "haca": 0.7831076130923734
        }
    },
    "5": {
        "acc": {
            "KlCluster": 0.8758992805755396,
            "gmm": 0.6356115107913669,
            "aca": 0.8649880095923261,
            "haca": 0.860431654676259
        },
        "macroPrec": {
            "KlCluster": 0.8499654206682087,
            "gmm": 0.5790892686882729,
            "aca": 0.7551436274259276,
            "haca": 0.749563103055992
        },
        "macroRec": {
            "KlCluster": 0.8786072539006007,
            "gmm": 0.6386977981915957,
            "aca": 0.8704406155871329,
            "haca": 0.8621027501909855
        }
    },
    "6": {
        "acc": {
            "KlCluster": 0.8637689908441493,
            "gmm": 0.41080591608813766,
            "aca": 0.8759432538484757,
            "haca": 0.8619579434550759
        },
        "macroPrec": {
            "KlCluster": 0.85548809766337,
            "gmm": 0.20541663911208527,
            "aca": 0.796641742463757,
            "haca": 0.784677339969024
        },
        "macroRec": {
            "KlCluster": 0.879263279776498,
            "gmm": 0.32974887766554434,
            "aca": 0.8873845623041582,
            "haca": 0.8812090662062435
        }
    },
    "7": {
        "acc": {
            "KlCluster": 0.8940473454378304,
            "gmm": 0.7184555274649506,
            "aca": 0.8884164559871294,
            "haca": 0.8793380831992645
        },
        "macroPrec": {
            "KlCluster": 0.8770590650939215,
            "gmm": 0.6193242033839379,
            "aca": 0.7309211740765962,
            "haca": 0.724936278911522
        },
        "macroRec": {
            "KlCluster": 0.8461875862150886,
            "gmm": 0.6267656815535203,
            "aca": 0.8533645031273819,
            "haca": 0.8400896358543417
        }
    },
    "8": {
        "acc": {
            "KlCluster": 0.8019769715402998,
            "gmm": 0.6283945253095807,
            "aca": 0.8676949815337823,
            "haca": 0.719422116011297
        },
        "macroPrec": {
            "KlCluster": 0.761410722577826,
            "gmm": 0.5492864072356684,
            "aca": 0.7913630161189745,
            "haca": 0.6873430324565171
        },
        "macroRec": {
            "KlCluster": 0.7641357809904139,
            "gmm": 0.6375535356059934,
            "aca": 0.8904039577443832,
            "haca": 0.7513736480847095
        }
    },
    "9": {
        "acc": {
            "KlCluster": 0.7882770129328327,
            "gmm": 0.8445974134334585,
            "aca": 0.8823529411764706,
            "haca": 0.894659991656237
        },
        "macroPrec": {
            "KlCluster": 0.6130493899165071,
            "gmm": 0.6948184513298239,
            "aca": 0.6867388848360807,
            "haca": 0.7059963443380053
        },
        "macroRec": {
            "KlCluster": 0.6925584144263015,
            "gmm": 0.7345402298850574,
            "aca": 0.7742477203647417,
            "haca": 0.7791666666666667
        }
    },
    "10": {
        "acc": {
            "KlCluster": 0.9095344850323092,
            "gmm": 0.8201239614928129,
            "aca": 0.8755110114730318,
            "haca": 0.8727416589740208
        },
        "macroPrec": {
            "KlCluster": 0.692675456225316,
            "gmm": 0.6396045583135674,
            "aca": 0.6215036814545748,
            "haca": 0.6359197911126319
        },
        "macroRec": {
            "KlCluster": 0.7304912538462667,
            "gmm": 0.7317514124293785,
            "aca": 0.7757852950104421,
            "haca": 0.775111269501861
        }
    },
    "11": {
        "acc": {
            "KlCluster": 0.9272118434966514,
            "gmm": 0.9055340148043708,
            "aca": 0.9000704970038773,
            "haca": 0.9065914698625308
        },
        "macroPrec": {
            "KlCluster": 0.8971282772148088,
            "gmm": 0.7274919968279954,
            "aca": 0.716557192072746,
            "haca": 0.7233340727028534
        },
        "macroRec": {
            "KlCluster": 0.8469309517001655,
            "gmm": 0.7957446808510638,
            "aca": 0.7850912359550561,
            "haca": 0.79616
        }
    },
    "10": {
        "acc": {
            "KlCluster": 0.9128313332454174,
            "gmm": 0.8210470789924832,
            "aca": 0.8781484900435184,
            "haca": 0.8749835157589344
        },
        "macroPrec": {
            "KlCluster": 0.6954407381649801,
            "gmm": 0.6401396030611449,
            "aca": 0.6248651024674099,
            "haca": 0.6153387783544894
        },
        "macroRec": {
            "KlCluster": 0.7306348803156236,
            "gmm": 0.7325423728813559,
            "aca": 0.7763041637399853,
            "haca": 0.790215977101223
        }
    },
    "12": {
        "acc": {
            "KlCluster": 0.9016485998193315,
            "gmm": 0.8144760614272809,
            "aca": 0.8599819331526649,
            "haca": 0.8652890695573623
        },
        "macroPrec": {
            "KlCluster": 0.8393005870407843,
            "gmm": 0.5803161276028213,
            "aca": 0.6995129032125165,
            "haca": 0.7095284336893863
        },
        "macroRec": {
            "KlCluster": 0.8706193641667421,
            "gmm": 0.6817741935483871,
            "aca": 0.8261901767749353,
            "haca": 0.8388346816130315
        }
    },
    "13": {
        "acc": {
            "KlCluster": 0.6929754058832985,
            "gmm": 0.6336601832502813,
            "aca": 0.7021379199485613,
            "haca": 0.7244815945989391
        },
        "macroPrec": {
            "KlCluster": 0.6349278284329508,