{
    "1": {
        "acc": {
            "KlCluster": 0.8392662153308582,
            "gmm": 0.7018999781611706,
            "aca": 0.8145883380650797,
            "haca": 0.8689670233675475,
            "tmm": 0.9145915246832678
        },
        "trueAcc": {
            "KlCluster": 0.8650414677054536,
            "gmm": 0.8077406383513446,
            "aca": 0.9374214626790651,
            "haca": 1.0,
            "tmm": 0.9286073403720463
        },
        "macroPrec": {
            "KlCluster": 0.8394611885218799,
            "gmm": 0.4459381465152094,
            "aca": 0.6474397224913749,
            "haca": 0.7137712261228546,
            "tmm": 0.9000397343495674
        },
        "macroRec": {
            "KlCluster": 0.8327379620700739,
            "gmm": 0.6,
            "aca": 0.7627450980392156,
            "haca": 0.8,
            "tmm": 0.9144831243972998
        },
        "macroF1": {
            "KlCluster": 0.8360860596289267,
            "gmm": 0.511622773871619,
            "aca": 0.7003783722765633,
            "haca": 0.7544296932645502,
            "tmm": 0.9072039455244247
        }
    },
    "2": {
        "acc": {
            "KlCluster": 0.8825468588113403,
            "gmm": 0.7344824338325328,
            "aca": 0.797306207026467,
            "haca": 0.819723085617406,
            "tmm": 0.9441409193669932
        },
        "trueAcc": {
            "KlCluster": 0.9399064028930015,
            "gmm": 0.8293980004254414,
            "aca": 0.9003403531163582,
            "haca": 0.925654116145501,
            "tmm": 0.9846824805871716
        },
        "macroPrec": {
            "KlCluster": 0.7824410952836169,
            "gmm": 0.5506992594893219,
            "aca": 0.6556761722826445,
            "haca": 0.6734792937379672,
            "tmm": 0.916705828846362
        },
        "macroRec": {
            "KlCluster": 0.8033544314217494,
            "gmm": 0.6168012362697597,
            "aca": 0.7252919343995747,
            "haca": 0.7341206729968349,
            "tmm": 0.9467134249508331
        },
        "macroF1": {
            "KlCluster": 0.79275986170614,
            "gmm": 0.5818789547408425,
            "aca": 0.6887293588222172,
            "haca": 0.7024937255649985,
            "tmm": 0.9314680130422057
        }
    },
    "3": {
        "acc": {
            "KlCluster": 0.8827520533269849,
            "gmm": 0.7130103559100107,
            "aca": 0.8395429115581479,
            "haca": 0.8532317581240328,
            "tmm": 0.9246428571428571
        },
        "trueAcc": {
            "KlCluster": 0.9209211986681465,
            "gmm": 0.8310210876803552,
            "aca": 0.978496115427303,
            "haca": 0.9944506104328524,
            "tmm": 0.9784931316775357
        },
        "macroPrec": {
            "KlCluster": 0.8999455360874594,
            "gmm": 0.5527354410725671,
            "aca": 0.6814458530002069,
            "haca": 0.7122001069064813,
            "tmm": 0.8940022107718968
        },
        "macroRec": {
            "KlCluster": 0.864356227748001,
            "gmm": 0.6484726356548536,
            "aca": 0.8681174838042287,
            "haca": 0.8734101748807631,
            "tmm": 0.9312966289711945
        },
        "macroF1": {
            "KlCluster": 0.8817919300382833,
            "gmm": 0.5967888748612065,
            "aca": 0.7635377595798478,
            "haca": 0.7846099726625677,
            "tmm": 0.912268420991105
        }
    },
    "4": {
        "acc": {
            "KlCluster": 0.7598729906727525,
            "gmm": 0.5544750942647351,
            "aca": 0.7021234371899187,
            "haca": 0.7619567374479064,
            "tmm": 0.8626575369653666
        },
        "trueAcc": {
            "KlCluster": 0.7888043884802394,
            "gmm": 0.6966712380002493,
            "aca": 0.88218426630096,
            "haca": 0.9573619249470141,
            "tmm": 0.9774314214463841
        },
        "macroPrec": {
            "KlCluster": 0.7149527114876997,
            "gmm": 0.5254134241842856,
            "aca": 0.6492455790685792,
            "haca": 0.6775276496327787,
            "tmm": 0.9091607140858603
        },
        "macroRec": {
            "KlCluster": 0.7177015035163468,
            "gmm": 0.49663451751801724,
            "aca": 0.8090058500171186,
            "haca": 0.8410443989421273,
            "tmm": 0.9013101157482708
        },
        "macroF1": {
            "KlCluster": 0.716324470488312,
            "gmm": 0.5106187914876832,
            "aca": 0.7203743621819073,
            "haca": 0.7504824488068597,
            "tmm": 0.9052183939595215
        }
    },
    "5": {
        "acc": {
            "KlCluster": 0.8816546762589929,
            "gmm": 0.6538369304556355,
            "aca": 0.8657074340527577,
            "haca": 0.8610311750599521,
            "tmm": 0.9243314546108646
        },
        "trueAcc": {
            "KlCluster": 0.9613045881702598,
            "gmm": 0.7535931453841902,
            "aca": 0.9977888336097291,
            "haca": 0.9923991155334438,
            "tmm": 0.9420870767104353
        },
        "macroPrec": {
            "KlCluster": 0.859405421972126,
            "gmm": 0.581491593340468,
            "aca": 0.7570475099756255,
            "haca": 0.7563530932189306,
            "tmm": 0.9419735248994289
        },
        "macroRec": {
            "KlCluster": 0.8831758660558043,
            "gmm": 0.647547401509948,
            "aca": 0.8715944462647445,
            "haca": 0.8633534663865546,
            "tmm": 0.8961665696051349
        },
        "macroF1": {
            "KlCluster": 0.871128518431699,
            "gmm": 0.6127443829613036,
            "aca": 0.8102927751861551,
            "haca": 0.8063189729895383,
            "tmm": 0.9184992863076709
        }
    },
    "6": {
        "acc": {
            "KlCluster": 0.8633665358687996,
            "gmm": 0.49381225475399937,
            "aca": 0.8768487775430124,
            "haca": 0.8661837206962472,
            "tmm": 0.9017911048500704
        },
        "trueAcc": {
            "KlCluster": 0.9401642109998876,
            "gmm": 0.5520188955123159,
            "aca": 0.9802047013834214,
            "haca": 0.9682825328984366,
            "tmm": 0.9750281214848144
        },
        "macroPrec": {
            "KlCluster": 0.8551203984955397,
            "gmm": 0.40447551090269496,
            "aca": 0.7976710970916813,
            "haca": 0.7898969365760926,
            "tmm": 0.8875945391706339
        },
        "macroRec": {
            "KlCluster": 0.8790006188743603,
            "gmm": 0.434421803201146,
            "aca": 0.8850139865805928,
            "haca": 0.8869197912802309,
            "tmm": 0.9077140345894594
        },
        "macroF1": {
            "KlCluster": 0.8668960839073165,
            "gmm": 0.41891415753252326,
            "aca": 0.8390756945162501,
            "haca": 0.8356014279707138,
            "tmm": 0.8975415502447338
        }
    },
    "7": {
        "acc": {
            "KlCluster": 0.8934727648816364,
            "gmm": 0.7189151919099057,
            "aca": 0.8878418754309354,
            "haca": 0.8877269593196966,
            "tmm": 0.9161015975175267
        },
        "trueAcc": {
            "KlCluster": 0.9438650701686623,
            "gmm": 0.8054589931762586,
            "aca": 0.9947212565984292,
            "haca": 0.9945925067593665,
            "tmm": 0.949781097089879
        },
        "macroPrec": {
            "KlCluster": 0.8766958777475319,
            "gmm": 0.6191828037666111,
            "aca": 0.7316508302307635,
            "haca": 0.7329356075950378,
            "tmm": 0.9079368184213045
        },
        "macroRec": {
            "KlCluster": 0.8447787577210095,
            "gmm": 0.6270231328486451,
            "aca": 0.8529632190182327,
            "haca": 0.8482689075630253,
            "tmm": 0.8789526579513309
        },